course_num,n,slope,intercept,r,t_stat,p_value
872,376,-13.213383,57.152895,-0.342458,-7.049048,0.000000
9,498,-6.071862,50.918518,-0.273734,-6.338444,0.000000
23,494,-4.930982,48.594739,-0.250694,-5.744080,0.000000
12,544,-4.940729,51.542376,-0.227763,-5.445662,0.000000
4,682,-4.273297,53.531151,-0.175263,-4.642152,0.000003
500,434,-5.519089,50.903687,-0.217014,-4.620666,0.000004
6,834,-2.650167,56.588913,-0.134296,-3.909090,0.000093
5,545,-3.167662,44.646419,-0.146682,-3.455405,0.000550
104,227,-1.559194,76.518226,-0.223287,-3.436054,0.000590
14,444,-2.099845,39.885853,-0.146167,-3.106342,0.001894
510,779,-1.511326,52.686440,-0.084063,-2.351564,0.018695
769,49,7.659574,68.340426,0.259209,1.839933,0.065778
205,94,1.765477,68.399126,0.154453,1.499452,0.133756
765,620,-1.036214,52.015637,-0.039202,-0.975296,0.329413
665,742,-0.836717,55.268509,-0.034053,-0.926867,0.353996
776,580,-0.520343,49.105453,-0.020926,-0.503205,0.614820
889,188,0.213873,72.409298,0.029035,0.396147,0.691997
704,100,0.000000,44.810000,0.000000,0.000000,1.000000
922,84,0.000000,48.928571,0.000000,0.000000,1.000000
927,80,0.000000,110.112500,0.000000,0.000000,1.000000
919,119,0.000000,50.932773,0.000000,0.000000,1.000000
43,156,0.000000,51.608974,0.000000,0.000000,1.000000
241,155,0.000000,56.038710,0.000000,0.000000,1.000000
939,72,0.000000,33.236111,0.000000,0.000000,1.000000
659,142,0.000000,54.971831,0.000000,0.000000,1.000000
800,127,0.000000,49.188976,0.000000,0.000000,1.000000
114,130,0.000000,50.676923,0.000000,0.000000,1.000000
930,126,0.000000,49.007937,0.000000,0.000000,1.000000
936,78,0.000000,38.089744,0.000000,0.000000,1.000000
91,73,0.000000,35.369863,0.000000,0.000000,1.000000
746,132,0.000000,49.696970,0.000000,0.000000,1.000000
96,110,0.000000,48.663636,0.000000,0.000000,1.000000
926,144,0.000000,53.798611,0.000000,0.000000,1.000000
896,49,0.000000,24.000000,0.000000,0.000000,1.000000
202,24,0.000000,74.000000,0.000000,0.000000,1.000000
233,28,0.000000,74.000000,0.000000,0.000000,1.000000
232,20,0.000000,10.350000,0.000000,0.000000,1.000000
688,30,0.000000,14.833333,0.000000,0.000000,1.000000